,nama_wilayah,latitude,longitude,kabupaten,kab_latitude,kab_longitude
0,AGRABINTA,-7.394,106.896,KAB. CIANJUR,-7.134,107.158
1,BOJONGPICUNG,-6.888,107.256,KAB. CIANJUR,-7.134,107.158
2,CAMPAKA,-7.005,107.112,KAB. CIANJUR,-7.134,107.158
3,CAMPAKAMULYA,-7.077,107.215,KAB. CIANJUR,-7.134,107.158
4,CIANJUR,-6.819,107.131,KAB. CIANJUR,-7.134,107.158
5,CIBEBER,-6.935,107.14,KAB. CIANJUR,-7.134,107.158
6,CIBINONG,-7.326,107.149,KAB. CIANJUR,-7.134,107.158
7,CIDAUN,-7.408,107.378,KAB. CIANJUR,-7.134,107.158
8,CIJATI,-7.282,107.015,KAB. CIANJUR,-7.134,107.158
9,CIKADU,-7.313,107.255,KAB. CIANJUR,-7.134,107.158
10,CIKALONGKULON,-6.681,107.208,KAB. CIANJUR,-7.134,107.158
11,CILAKU,-6.869,107.151,KAB. CIANJUR,-7.134,107.158
12,CIPANAS,-6.714,107.016,KAB. CIANJUR,-7.134,107.158
13,CIRANJANG,-6.81,107.265,KAB. CIANJUR,-7.134,107.158
14,CUGENANG,-6.801,107.065,KAB. CIANJUR,-7.134,107.158
15,GEKBRONG,-6.873,107.048,KAB. CIANJUR,-7.134,107.158
16,HAURWANGI,-6.85,107.311,KAB. CIANJUR,-7.134,107.158
17,KADUPANDAK,-7.215,107.027,KAB. CIANJUR,-7.134,107.158
18,KARANGTENGAH,-6.806,107.188,KAB. CIANJUR,-7.134,107.158
19,LELES,-7.34,107.018,KAB. CIANJUR,-7.134,107.158
20,MANDE,-6.758,107.183,KAB. CIANJUR,-7.134,107.158
21,NARINGGUL,-7.352,107.334,KAB. CIANJUR,-7.134,107.158
22,PACET,-6.749,107.039,KAB. CIANJUR,-7.134,107.158
23,PAGELARAN,-7.157,107.179,KAB. CIANJUR,-7.134,107.158
24,PASIRKUDA,-7.203,107.221,KAB. CIANJUR,-7.134,107.158
25,SINDANGBARANG,-7.427,107.112,KAB. CIANJUR,-7.134,107.158
26,SUKALUYU,-6.831,107.22,KAB. CIANJUR,-7.134,107.158
27,SUKANAGARA,-7.101,107.09,KAB. CIANJUR,-7.134,107.158
28,SUKARESMI,-6.71,107.102,KAB. CIANJUR,-7.134,107.158
29,TAKOKAK,-7.106,106.986,KAB. CIANJUR,-7.134,107.158
30,TANGGEUNG,-7.257,107.121,KAB. CIANJUR,-7.134,107.158
31,WARUNGKONDANG,-6.854,107.07,KAB. CIANJUR,-7.134,107.158
32,ANDIR,-6.911,107.58,KOTA BANDUNG,-6.919,107.637
33,ANTAPANI,-6.917,107.661,KOTA BANDUNG,-6.919,107.637
34,ARCAMANIK,-6.92,107.677,KOTA BANDUNG,-6.919,107.637
35,ASTANA ANYAR,-6.934,107.602,KOTA BANDUNG,-6.919,107.637
36,BABAKAN CIPARAY,-6.944,107.578,KOTA BANDUNG,-6.919,107.637
37,BANDUNG KIDUL,-6.958,107.631,KOTA BANDUNG,-6.919,107.637
38,BANDUNG KULON,-6.931,107.565,KOTA BANDUNG,-6.919,107.637
39,BANDUNG WETAN,-6.905,107.617,KOTA BANDUNG,-6.919,107.637
40,BATUNUNGGAL,-6.926,107.637,KOTA BANDUNG,-6.919,107.637
41,BOJONGLOA KALER,-6.933,107.59,KOTA BANDUNG,-6.919,107.637
42,BOJONGLOA KIDUL,-6.952,107.598,KOTA BANDUNG,-6.919,107.637
43,BUAHBATU,-6.95,107.656,KOTA BANDUNG,-6.919,107.637
44,CIBEUNYING KALER,-6.888,107.63,KOTA BANDUNG,-6.919,107.637
45,CIBEUNYING KIDUL,-6.901,107.645,KOTA BANDUNG,-6.919,107.637
46,CIBIRU,-6.914,107.723,KOTA BANDUNG,-6.919,107.637
47,CICENDO,-6.901,107.584,KOTA BANDUNG,-6.919,107.637
48,CIDADAP,-6.863,107.608,KOTA BANDUNG,-6.919,107.637
49,CINAMBO,-6.928,107.692,KOTA BANDUNG,-6.919,107.637
50,COBLONG,-6.885,107.615,KOTA BANDUNG,-6.919,107.637
51,GEDEBAGE,-6.954,107.698,KOTA BANDUNG,-6.919,107.637
52,KIARACONDONG,-6.925,107.65,KOTA BANDUNG,-6.919,107.637
53,LENGKONG,-6.934,107.625,KOTA BANDUNG,-6.919,107.637
54,MANDALAJATI,-6.898,107.672,KOTA BANDUNG,-6.919,107.637
55,PANYILEUKAN,-6.932,107.707,KOTA BANDUNG,-6.919,107.637
56,RANCASARI,-6.955,107.674,KOTA BANDUNG,-6.919,107.637
57,REGOL,-6.94,107.613,KOTA BANDUNG,-6.919,107.637
58,SUKAJADI,-6.888,107.59,KOTA BANDUNG,-6.919,107.637
59,SUKASARI,-6.866,107.587,KOTA BANDUNG,-6.919,107.637
60,SUMUR BANDUNG,-6.915,107.615,KOTA BANDUNG,-6.919,107.637
61,UJUNGBERUNG,-6.905,107.706,KOTA BANDUNG,-6.919,107.637
62,ANJATAN,-6.376,107.947,KAB. INDRAMAYU,-6.449,108.169
63,ARAHAN,-6.363,108.247,KAB. INDRAMAYU,-6.449,108.169
64,BALONGAN,-6.384,108.375,KAB. INDRAMAYU,-6.449,108.169
65,BANGODUA,-6.517,108.279,KAB. INDRAMAYU,-6.449,108.169
66,BONGAS,-6.38,108.017,KAB. INDRAMAYU,-6.449,108.169
67,CANTIGI,-6.305,108.22,KAB. INDRAMAYU,-6.449,108.169
68,CIKEDUNG,-6.537,108.175,KAB. INDRAMAYU,-6.449,108.169
69,GABUSWETAN,-6.428,108.068,KAB. INDRAMAYU,-6.449,108.169
70,GANTAR,-6.546,107.95,KAB. INDRAMAYU,-6.449,108.169
71,HAURGEULIS,-6.446,107.937,KAB. INDRAMAYU,-6.449,108.169
72,INDRAMAYU,-6.346,108.34,KAB. INDRAMAYU,-6.449,108.169
73,JATIBARANG,-6.44,108.313,KAB. INDRAMAYU,-6.449,108.169
74,JUNTINYUAT,-6.436,108.411,KAB. INDRAMAYU,-6.449,108.169
75,KANDANGHAUR,-6.356,108.093,KAB. INDRAMAYU,-6.449,108.169
76,KARANGAMPEL,-6.471,108.453,KAB. INDRAMAYU,-6.449,108.169
77,KEDOKAN BUNDER,-6.498,108.414,KAB. INDRAMAYU,-6.449,108.169
78,KERTASEMAYA,-6.519,108.367,KAB. INDRAMAYU,-6.449,108.169
79,KRANGKENG,-6.516,108.487,KAB. INDRAMAYU,-6.449,108.169
80,KROYA,-6.5,108.041,KAB. INDRAMAYU,-6.449,108.169
81,LELEA,-6.461,108.226,KAB. INDRAMAYU,-6.449,108.169
82,LOHBENER,-6.4,108.256,KAB. INDRAMAYU,-6.449,108.169
83,LOSARANG,-6.392,108.169,KAB. INDRAMAYU,-6.449,108.169
84,PASEKAN,-6.274,108.304,KAB. INDRAMAYU,-6.449,108.169
85,PATROL,-6.32,108.001,KAB. INDRAMAYU,-6.449,108.169
86,SINDANG,-6.332,108.297,KAB. INDRAMAYU,-6.449,108.169
87,SLIYEG,-6.45,108.349,KAB. INDRAMAYU,-6.449,108.169
88,SUKAGUMIWANG,-6.582,108.324,KAB. INDRAMAYU,-6.449,108.169
89,SUKRA,-6.291,107.948,KAB. INDRAMAYU,-6.449,108.169
90,TRISI,-6.561,108.067,KAB. INDRAMAYU,-6.449,108.169
91,TUKDANA,-6.561,108.273,KAB. INDRAMAYU,-6.449,108.169
92,WIDASARI,-6.467,108.273,KAB. INDRAMAYU,-6.449,108.169
93,ARGAPURA,-6.898,108.354,KAB. MAJALENGKA,-6.816,108.258
94,BANJARAN,-6.954,108.335,KAB. MAJALENGKA,-6.816,108.258
95,BANTARUJEG,-6.964,108.251,KAB. MAJALENGKA,-6.816,108.258
96,CIGASONG,-6.819,108.256,KAB. MAJALENGKA,-6.816,108.258
97,CIKIJING,-7.005,108.366,KAB. MAJALENGKA,-6.816,108.258
98,CINGAMBUL,-7.043,108.33,KAB. MAJALENGKA,-6.816,108.258
99,DAWUAN,-6.725,108.208,KAB. MAJALENGKA,-6.816,108.258
100,JATITUJUH,-6.625,108.23,KAB. MAJALENGKA,-6.816,108.258
101,JATIWANGI,-6.745,108.26,KAB. MAJALENGKA,-6.816,108.258
102,KADIPATEN,-6.759,108.176,KAB. MAJALENGKA,-6.816,108.258
103,KASOKANDEL,-6.774,108.226,KAB. MAJALENGKA,-6.816,108.258
104,KERTAJATI,-6.643,108.131,KAB. MAJALENGKA,-6.816,108.258
105,LEMAHSUGIH,-7.009,108.189,KAB. MAJALENGKA,-6.816,108.258
106,LEUWIMUNDING,-6.744,108.341,KAB. MAJALENGKA,-6.816,108.258
107,LIGUNG,-6.663,108.285,KAB. MAJALENGKA,-6.816,108.258
108,MAJA,-6.903,108.275,KAB. MAJALENGKA,-6.816,108.258
109,MAJALENGKA,-6.857,108.226,KAB. MAJALENGKA,-6.816,108.258
110,MALAUSMA,-7.039,108.244,KAB. MAJALENGKA,-6.816,108.258
111,PALASAH,-6.739,108.3,KAB. MAJALENGKA,-6.816,108.258
112,PANYINGKIRAN,-6.812,108.18,KAB. MAJALENGKA,-6.816,108.258
113,RAJAGALUH,-6.825,108.363,KAB. MAJALENGKA,-6.816,108.258
114,SINDANG,-6.835,108.327,KAB. MAJALENGKA,-6.816,108.258
115,SINDANGWANGI,-6.803,108.385,KAB. MAJALENGKA,-6.816,108.258
116,SUKAHAJI,-6.814,108.296,KAB. MAJALENGKA,-6.816,108.258
117,SUMBERJAYA,-6.69,108.332,KAB. MAJALENGKA,-6.816,108.258
118,TALAGA,-6.989,108.318,KAB. MAJALENGKA,-6.816,108.258
119,ARJASARI,-7.067,107.641,KAB. BANDUNG,-7.1,107.611
120,BALEENDAH,-7.012,107.639,KAB. BANDUNG,-7.1,107.611
121,BANJARAN,-7.08,107.596,KAB. BANDUNG,-7.1,107.611
122,BOJONGSOANG,-6.984,107.665,KAB. BANDUNG,-7.1,107.611
123,CANGKUANG,-7.058,107.542,KAB. BANDUNG,-7.1,107.611
124,CICALENGKA,-6.987,107.861,KAB. BANDUNG,-7.1,107.611
125,CIKANCUNG,-7.032,107.824,KAB. BANDUNG,-7.1,107.611
126,CILENGKRANG,-6.863,107.723,KAB. BANDUNG,-7.1,107.611
127,CILEUNYI,-6.933,107.739,KAB. BANDUNG,-7.1,107.611
128,CIMAUNG,-7.113,107.573,KAB. BANDUNG,-7.1,107.611
129,CIMENYAN,-6.862,107.669,KAB. BANDUNG,-7.1,107.611
130,CIPARAY,-7.045,107.698,KAB. BANDUNG,-7.1,107.611
131,CIWIDEY,-7.089,107.438,KAB. BANDUNG,-7.1,107.611
132,DAYEUHKOLOT,-6.973,107.613,KAB. BANDUNG,-7.1,107.611
133,IBUN,-7.122,107.768,KAB. BANDUNG,-7.1,107.611
134,KATAPANG,-7.004,107.56,KAB. BANDUNG,-7.1,107.611
135,KERTASARI,-7.241,107.679,KAB. BANDUNG,-7.1,107.611
136,KUTAWARINGIN,-7.0,107.51,KAB. BANDUNG,-7.1,107.611
137,MAJALAYA,-7.054,107.743,KAB. BANDUNG,-7.1,107.611
138,MARGAASIH,-6.949,107.545,KAB. BANDUNG,-7.1,107.611
139,MARGAHAYU,-6.975,107.575,KAB. BANDUNG,-7.1,107.611
140,NAGREG,-7.028,107.887,KAB. BANDUNG,-7.1,107.611
141,PACET,-7.134,107.697,KAB. BANDUNG,-7.1,107.611
142,PAMEUNGPEUK,-7.019,107.587,KAB. BANDUNG,-7.1,107.611
143,PANGALENGAN,-7.204,107.57,KAB. BANDUNG,-7.1,107.611
144,PASEH,-7.069,107.796,KAB. BANDUNG,-7.1,107.611
145,PASIRJAMBU,-7.175,107.458,KAB. BANDUNG,-7.1,107.611
146,RANCABALI,-7.169,107.35,KAB. BANDUNG,-7.1,107.611
147,RANCAEKEK,-6.98,107.767,KAB. BANDUNG,-7.1,107.611
148,SOLOKANJERUK,-7.011,107.749,KAB. BANDUNG,-7.1,107.611
149,SOREANG,-7.041,107.519,KAB. BANDUNG,-7.1,107.611
150,ARJAWINANGUN,-6.642,108.408,KAB. CIREBON,-6.746,108.551
151,ASTANAJAPURA,-6.804,108.621,KAB. CIREBON,-6.746,108.551
152,BABAKAN,-6.866,108.717,KAB. CIREBON,-6.746,108.551
153,BEBER,-6.825,108.524,KAB. CIREBON,-6.746,108.551
154,CILEDUG,-6.898,108.747,KAB. CIREBON,-6.746,108.551
155,CIWARINGIN,-6.676,108.382,KAB. CIREBON,-6.746,108.551
156,DEPOK,-6.736,108.447,KAB. CIREBON,-6.746,108.551
157,DUKUPUNTANG,-6.76,108.409,KAB. CIREBON,-6.746,108.551
158,GEBANG,-6.829,108.733,KAB. CIREBON,-6.746,108.551
159,GEGESIK,-6.574,108.43,KAB. CIREBON,-6.746,108.551
160,GEMPOL,-6.707,108.397,KAB. CIREBON,-6.746,108.551
161,GREGED,-6.816,108.562,KAB. CIREBON,-6.746,108.551
162,GUNUNG JATI,-6.666,108.536,KAB. CIREBON,-6.746,108.551
163,JAMBLANG,-6.666,108.475,KAB. CIREBON,-6.746,108.551
164,KALIWEDI,-6.58,108.389,KAB. CIREBON,-6.746,108.551
165,KAPETAKAN,-6.574,108.514,KAB. CIREBON,-6.746,108.551
166,KARANGSEMBUNG,-6.843,108.665,KAB. CIREBON,-6.746,108.551
167,KARANGWARENG,-6.883,108.649,KAB. CIREBON,-6.746,108.551
168,KEDAWUNG,-6.716,108.533,KAB. CIREBON,-6.746,108.551
169,KLANGENAN,-6.668,108.452,KAB. CIREBON,-6.746,108.551
170,LEMAHABANG,-6.834,108.615,KAB. CIREBON,-6.746,108.551
171,LOSARI,-6.806,108.806,KAB. CIREBON,-6.746,108.551
172,MUNDU,-6.775,108.581,KAB. CIREBON,-6.746,108.551
173,PABEDILAN,-6.862,108.77,KAB. CIREBON,-6.746,108.551
174,PABUARAN,-6.894,108.721,KAB. CIREBON,-6.746,108.551
175,PALIMANAN,-6.712,108.427,KAB. CIREBON,-6.746,108.551
176,PANGENAN,-6.796,108.666,KAB. CIREBON,-6.746,108.551
177,PANGURAGAN,-6.617,108.462,KAB. CIREBON,-6.746,108.551
178,PASALEMAN,-6.954,108.737,KAB. CIREBON,-6.746,108.551
179,PLERED,-6.682,108.505,KAB. CIREBON,-6.746,108.551
180,PLUMBON,-6.706,108.477,KAB. CIREBON,-6.746,108.551
181,SEDONG,-6.872,108.574,KAB. CIREBON,-6.746,108.551
182,SUMBER,-6.762,108.479,KAB. CIREBON,-6.746,108.551
183,SURANENGGALA,-6.632,108.523,KAB. CIREBON,-6.746,108.551
184,SUSUKAN,-6.625,108.36,KAB. CIREBON,-6.746,108.551
185,SUSUKAN LEBAK,-6.863,108.618,KAB. CIREBON,-6.746,108.551
186,TALUN,-6.768,108.509,KAB. CIREBON,-6.746,108.551
187,TENGAH TANI,-6.7,108.524,KAB. CIREBON,-6.746,108.551
188,WALED,-6.91,108.685,KAB. CIREBON,-6.746,108.551
189,WERU,-6.717,108.496,KAB. CIREBON,-6.746,108.551
190,BABAKAN MADANG,-6.592,106.902,KAB. BOGOR,-6.56,106.768
191,BOJONG GEDE,-6.478,106.792,KAB. BOGOR,-6.56,106.768
192,CARINGIN,-6.737,106.866,KAB. BOGOR,-6.56,106.768
193,CARIU,-6.527,107.137,KAB. BOGOR,-6.56,106.768
194,CIAMPEA,-6.574,106.698,KAB. BOGOR,-6.56,106.768
195,CIAWI,-6.71,106.894,KAB. BOGOR,-6.56,106.768
196,CIBINONG,-6.484,106.836,KAB. BOGOR,-6.56,106.768
197,CIBUNGBULANG,-6.576,106.661,KAB. BOGOR,-6.56,106.768
198,CIGOMBONG,-6.746,106.814,KAB. BOGOR,-6.56,106.768
199,CIGUDEG,-6.493,106.547,KAB. BOGOR,-6.56,106.768
200,CIJERUK,-6.686,106.784,KAB. BOGOR,-6.56,106.768
201,CILEUNGSI,-6.41,106.996,KAB. BOGOR,-6.56,106.768
202,CIOMAS,-6.609,106.762,KAB. BOGOR,-6.56,106.768
203,CISARUA,-6.699,106.956,KAB. BOGOR,-6.56,106.768
204,CISEENG,-6.456,106.679,KAB. BOGOR,-6.56,106.768
205,CITEUREUP,-6.525,106.893,KAB. BOGOR,-6.56,106.768
206,DRAMAGA,-6.589,106.73,KAB. BOGOR,-6.56,106.768
207,GUNUNG PUTRI,-6.405,106.931,KAB. BOGOR,-6.56,106.768
208,GUNUNG SINDUR,-6.387,106.687,KAB. BOGOR,-6.56,106.768
209,JASINGA,-6.482,106.457,KAB. BOGOR,-6.56,106.768
210,JONGGOL,-6.495,107.047,KAB. BOGOR,-6.56,106.768
211,KEMANG,-6.503,106.735,KAB. BOGOR,-6.56,106.768
212,KLAPANUNGGAL,-6.483,106.955,KAB. BOGOR,-6.56,106.768
213,LEUWILIANG,-6.64,106.609,KAB. BOGOR,-6.56,106.768
214,LEUWISADENG,-6.572,106.587,KAB. BOGOR,-6.56,106.768
215,MEGAMENDUNG,-6.664,106.917,KAB. BOGOR,-6.56,106.768
216,NANGGUNG,-6.673,106.538,KAB. BOGOR,-6.56,106.768
217,PAMIJAHAN,-6.693,106.659,KAB. BOGOR,-6.56,106.768
218,PARUNG,-6.435,106.713,KAB. BOGOR,-6.56,106.768
219,PARUNG PANJANG,-6.377,106.555,KAB. BOGOR,-6.56,106.768
220,RANCA BUNGUR,-6.522,106.713,KAB. BOGOR,-6.56,106.768
221,RUMPIN,-6.46,106.631,KAB. BOGOR,-6.56,106.768
222,SUKAJAYA,-6.631,106.471,KAB. BOGOR,-6.56,106.768
223,SUKAMAKMUR,-6.592,107.018,KAB. BOGOR,-6.56,106.768
224,SUKARAJA,-6.58,106.84,KAB. BOGOR,-6.56,106.768
225,TAJURHALANG,-6.468,106.759,KAB. BOGOR,-6.56,106.768
226,TAMANSARI,-6.656,106.746,KAB. BOGOR,-6.56,106.768
227,TANJUNGSARI,-6.612,107.138,KAB. BOGOR,-6.56,106.768
228,TENJO,-6.373,106.479,KAB. BOGOR,-6.56,106.768
229,TENJOLAYA,-6.654,106.708,KAB. BOGOR,-6.56,106.768
230,BABAKANCIKAO,-6.491,107.424,KAB. PURWAKARTA,-6.595,107.432
231,BOJONG,-6.704,107.518,KAB. PURWAKARTA,-6.595,107.432
232,BUNGURSARI,-6.456,107.477,KAB. PURWAKARTA,-6.595,107.432
233,CAMPAKA,-6.488,107.509,KAB. PURWAKARTA,-6.595,107.432
234,CIBATU,-6.532,107.537,KAB. PURWAKARTA,-6.595,107.432
235,DARANGDAN,-6.687,107.444,KAB. PURWAKARTA,-6.595,107.432
236,JATILUHUR,-6.56,107.422,KAB. PURWAKARTA,-6.595,107.432
237,KIARAPEDES,-6.635,107.567,KAB. PURWAKARTA,-6.595,107.432
238,MANIIS,-6.681,107.299,KAB. PURWAKARTA,-6.595,107.432
239,PASAWAHAN,-6.575,107.479,KAB. PURWAKARTA,-6.595,107.432
240,PLERED,-6.646,107.38,KAB. PURWAKARTA,-6.595,107.432
241,PONDOKSALAM,-6.62,107.491,KAB. PURWAKARTA,-6.595,107.432
242,PURWAKARTA,-6.54,107.455,KAB. PURWAKARTA,-6.595,107.432
243,SUKASARI,-6.564,107.289,KAB. PURWAKARTA,-6.595,107.432
244,SUKATANI,-6.598,107.392,KAB. PURWAKARTA,-6.595,107.432
245,TEGALWARU,-6.628,107.334,KAB. PURWAKARTA,-6.595,107.432
246,WANAYASA,-6.671,107.546,KAB. PURWAKARTA,-6.595,107.432
247,BABELAN,-6.126,107.034,KAB. BEKASI,-6.215,107.121
248,BOJONGMANGU,-6.438,107.179,KAB. BEKASI,-6.215,107.121
249,CABANGBUNGIN,-6.079,107.137,KAB. BEKASI,-6.215,107.121
250,CIBARUSAH,-6.435,107.109,KAB. BEKASI,-6.215,107.121
251,CIBITUNG,-6.235,107.101,KAB. BEKASI,-6.215,107.121
252,CIKARANG BARAT,-6.297,107.094,KAB. BEKASI,-6.215,107.121
253,CIKARANG PUSAT,-6.36,107.184,KAB. BEKASI,-6.215,107.121
254,CIKARANG SELATAN,-6.338,107.129,KAB. BEKASI,-6.215,107.121
255,CIKARANG TIMUR,-6.288,107.209,KAB. BEKASI,-6.215,107.121
256,CIKARANG UTARA,-6.275,107.156,KAB. BEKASI,-6.215,107.121
257,KARANG BAHAGIA,-6.218,107.197,KAB. BEKASI,-6.215,107.121
258,KEDUNG WARINGIN,-6.251,107.248,KAB. BEKASI,-6.215,107.121
259,MUARAGEMBONG,-5.996,107.05,KAB. BEKASI,-6.215,107.121
260,PEBAYURAN,-6.159,107.248,KAB. BEKASI,-6.215,107.121
261,SERANG BARU,-6.396,107.114,KAB. BEKASI,-6.215,107.121
262,SETU,-6.364,107.038,KAB. BEKASI,-6.215,107.121
263,SUKAKARYA,-6.146,107.186,KAB. BEKASI,-6.215,107.121
264,SUKATANI,-6.193,107.156,KAB. BEKASI,-6.215,107.121
265,SUKAWANGI,-6.121,107.093,KAB. BEKASI,-6.215,107.121
266,TAMBELANG,-6.168,107.127,KAB. BEKASI,-6.215,107.121
267,TAMBUN SELATAN,-6.257,107.055,KAB. BEKASI,-6.215,107.121
268,TAMBUN UTARA,-6.192,107.061,KAB. BEKASI,-6.215,107.121
269,TARUMAJAYA,-6.122,106.998,KAB. BEKASI,-6.215,107.121
270,BANJAR,-7.374,108.504,KOTA BANJAR,-7.376,108.567
271,LANGENSARI,-7.367,108.629,KOTA BANJAR,-7.376,108.567
272,PATARUMAN,-7.391,108.564,KOTA BANJAR,-7.376,108.567
273,PURWAHARJA,-7.351,108.556,KOTA BANJAR,-7.376,108.567
274,BANJARANYAR,-7.5187951,108.5281338,KAB. CIAMIS,-7.291,108.429
275,BANJARSARI,-7.512,108.575,KAB. CIAMIS,-7.291,108.429
276,BAREGBEG,-7.29,108.371,KAB. CIAMIS,-7.291,108.429
277,CIAMIS,-7.33,108.337,KAB. CIAMIS,-7.291,108.429
278,CIDOLOG,-7.427,108.441,KAB. CIAMIS,-7.291,108.429
279,CIHAURBEUTI,-7.222,108.23,KAB. CIAMIS,-7.291,108.429
280,CIJEUNGJING,-7.332,108.419,KAB. CIAMIS,-7.291,108.429
281,CIKONENG,-7.28,108.274,KAB. CIAMIS,-7.291,108.429
282,CIMARAGAS,-7.38,108.447,KAB. CIAMIS,-7.291,108.429
283,CIPAKU,-7.236,108.362,KAB. CIAMIS,-7.291,108.429
284,CISAGA,-7.316,108.509,KAB. CIAMIS,-7.291,108.429
285,JATINAGARA,-7.182,108.405,KAB. CIAMIS,-7.291,108.429
286,KAWALI,-7.175,108.359,KAB. CIAMIS,-7.291,108.429
287,LAKBOK,-7.406,108.663,KAB. CIAMIS,-7.291,108.429
288,LUMBUNG,-7.153,108.326,KAB. CIAMIS,-7.291,108.429
289,PAMARICAN,-7.456,108.514,KAB. CIAMIS,-7.291,108.429
290,PANAWANGAN,-7.109,108.383,KAB. CIAMIS,-7.291,108.429
291,PANJALU,-7.138,108.278,KAB. CIAMIS,-7.291,108.429
292,PANUMBANGAN,-7.136,108.225,KAB. CIAMIS,-7.291,108.429
293,PURWADADI,-7.44,108.641,KAB. CIAMIS,-7.291,108.429
294,RAJADESA,-7.173,108.451,KAB. CIAMIS,-7.291,108.429
295,RANCAH,-7.205,108.496,KAB. CIAMIS,-7.291,108.429
296,SADANANYA,-7.255,108.307,KAB. CIAMIS,-7.291,108.429
297,SINDANGKASIH,-7.283,108.238,KAB. CIAMIS,-7.291,108.429
298,SUKADANA,-7.273,108.452,KAB. CIAMIS,-7.291,108.429
299,SUKAMANTRI,-7.078,108.289,KAB. CIAMIS,-7.291,108.429
300,TAMBAKSARI,-7.239,108.549,KAB. CIAMIS,-7.291,108.429
301,BANJARWANGI,-7.406,107.883,KAB. GARUT,-7.36,107.789
302,BANYURESMI,-7.151,107.934,KAB. GARUT,-7.36,107.789
303,BAYONGBONG,-7.274,107.844,KAB. GARUT,-7.36,107.789
304,BL. LIMBANGAN,-7.005,107.952,KAB. GARUT,-7.36,107.789
305,BUNGBULANG,-7.436,107.59,KAB. GARUT,-7.36,107.789
306,CARINGIN,-7.464,107.496,KAB. GARUT,-7.36,107.789
307,CIBALONG,-7.662,107.851,KAB. GARUT,-7.36,107.789
308,CIBATU,-7.085,107.998,KAB. GARUT,-7.36,107.789
309,CIBIUK,-7.064,107.955,KAB. GARUT,-7.36,107.789
310,CIGEDUG,-7.328,107.825,KAB. GARUT,-7.36,107.789
311,CIHURIP,-7.507,107.847,KAB. GARUT,-7.36,107.789
312,CIKAJANG,-7.4,107.8,KAB. GARUT,-7.36,107.789
313,CIKELET,-7.553,107.696,KAB. GARUT,-7.36,107.789
314,CILAWU,-7.3,107.899,KAB. GARUT,-7.36,107.789
315,CISEWU,-7.378,107.523,KAB. GARUT,-7.36,107.789
316,CISOMPET,-7.555,107.808,KAB. GARUT,-7.36,107.789
317,CISURUPAN,-7.305,107.767,KAB. GARUT,-7.36,107.789
318,GARUT KOTA,-7.245,107.927,KAB. GARUT,-7.36,107.789
319,KADUNGORA,-7.074,107.895,KAB. GARUT,-7.36,107.789
320,KARANGPAWITAN,-7.221,107.954,KAB. GARUT,-7.36,107.789
321,KARANGTENGAH,-7.158,108.056,KAB. GARUT,-7.36,107.789
322,KERSAMANAH,-7.071,108.032,KAB. GARUT,-7.36,107.789
323,LELES,-7.113,107.865,KAB. GARUT,-7.36,107.789
324,LEUWIGOONG,-7.109,107.943,KAB. GARUT,-7.36,107.789
325,MALANGBONG,-7.057,108.082,KAB. GARUT,-7.36,107.789
326,MEKARMUKTI,-7.528,107.563,KAB. GARUT,-7.36,107.789
327,PAKENJENG,-7.469,107.686,KAB. GARUT,-7.36,107.789
328,PAMEUNGPEUK,-7.628,107.731,KAB. GARUT,-7.36,107.789
329,PAMULIHAN,-7.363,107.682,KAB. GARUT,-7.36,107.789
330,PANGATIKAN,-7.176,108.024,KAB. GARUT,-7.36,107.789
331,PASIRWANGI,-7.212,107.764,KAB. GARUT,-7.36,107.789
332,PEUNDEUY,-7.549,107.909,KAB. GARUT,-7.36,107.789
333,SAMARANG,-7.188,107.813,KAB. GARUT,-7.36,107.789
334,SELAAWI,-7.001,108.011,KAB. GARUT,-7.36,107.789
335,SINGAJAYA,-7.478,107.917,KAB. GARUT,-7.36,107.789
336,SUCINARAJA,-7.217,108.007,KAB. GARUT,-7.36,107.789
337,SUKARESMI,-7.246,107.771,KAB. GARUT,-7.36,107.789
338,SUKAWENING,-7.136,108.015,KAB. GARUT,-7.36,107.789
339,TALEGONG,-7.293,107.525,KAB. GARUT,-7.36,107.789
340,TAROGONG KALER,-7.174,107.862,KAB. GARUT,-7.36,107.789
341,TAROGONG KIDUL,-7.215,107.884,KAB. GARUT,-7.36,107.789
342,WANARAJA,-7.189,108.008,KAB. GARUT,-7.36,107.789
343,BANTARGADUNG,-6.972,106.664,KAB. SUKABUMI,-7.076,106.707
344,BOJONGGENTENG,-6.835,106.721,KAB. SUKABUMI,-7.076,106.707
345,CARINGIN,-6.85,106.882,KAB. SUKABUMI,-7.076,106.707
346,CIAMBAR,-6.814,106.822,KAB. SUKABUMI,-7.076,106.707
347,CIBADAK,-6.895,106.763,KAB. SUKABUMI,-7.076,106.707
348,CIBITUNG,-7.365,106.627,KAB. SUKABUMI,-7.076,106.707
349,CICANTAYAN,-6.922,106.83,KAB. SUKABUMI,-7.076,106.707
350,CICURUG,-6.767,106.783,KAB. SUKABUMI,-7.076,106.707
351,CIDADAP,-7.299,106.921,KAB. SUKABUMI,-7.076,106.707
352,CIDAHU,-6.766,106.732,KAB. SUKABUMI,-7.076,106.707
353,CIDOLOG,-7.287,106.859,KAB. SUKABUMI,-7.076,106.707
354,CIEMAS,-7.207,106.483,KAB. SUKABUMI,-7.076,106.707
355,CIKAKAK,-6.893,106.527,KAB. SUKABUMI,-7.076,106.707
356,CIKEMBAR,-6.974,106.798,KAB. SUKABUMI,-7.076,106.707
357,CIKIDANG,-6.891,106.637,KAB. SUKABUMI,-7.076,106.707
358,CIMANGGU,-7.236,106.681,KAB. SUKABUMI,-7.076,106.707
359,CIRACAP,-7.322,106.469,KAB. SUKABUMI,-7.076,106.707
360,CIREUNGHAS,-6.937,107.024,KAB. SUKABUMI,-7.076,106.707
361,CISAAT,-6.902,106.89,KAB. SUKABUMI,-7.076,106.707
362,CISOLOK,-6.878,106.46,KAB. SUKABUMI,-7.076,106.707
363,CURUGKEMBAR,-7.196,106.947,KAB. SUKABUMI,-7.076,106.707
364,GEGERBITUNG,-6.993,107.009,KAB. SUKABUMI,-7.076,106.707
365,GUNUNGGURUH,-6.949,106.875,KAB. SUKABUMI,-7.076,106.707
366,JAMPANGKULON,-7.253,106.639,KAB. SUKABUMI,-7.076,106.707
367,JAMPANGTENGAH,-7.068,106.79,KAB. SUKABUMI,-7.076,106.707
368,KABANDUNGAN,-6.786,106.595,KAB. SUKABUMI,-7.076,106.707
369,KADUDAMPIT,-6.827,106.935,KAB. SUKABUMI,-7.076,106.707
370,KALAPANUNGGAL,-6.814,106.667,KAB. SUKABUMI,-7.076,106.707
371,KALIBUNDER,-7.26,106.717,KAB. SUKABUMI,-7.076,106.707
372,KEBONPEDES,-6.945,106.97,KAB. SUKABUMI,-7.076,106.707
373,LENGKONG,-7.114,106.685,KAB. SUKABUMI,-7.076,106.707
374,NAGRAK,-6.843,106.838,KAB. SUKABUMI,-7.076,106.707
375,NYALINDUNG,-7.014,106.924,KAB. SUKABUMI,-7.076,106.707
376,PABUARAN,-7.193,106.787,KAB. SUKABUMI,-7.076,106.707
377,PALABUHANRATU,-6.976,106.576,KAB. SUKABUMI,-7.076,106.707
378,PARAKANSALAK,-6.791,106.705,KAB. SUKABUMI,-7.076,106.707
379,PARUNGKUDA,-6.841,106.751,KAB. SUKABUMI,-7.076,106.707
380,PURABAYA,-7.1,106.885,KAB. SUKABUMI,-7.076,106.707
381,SAGARANTEN,-7.201,106.874,KAB. SUKABUMI,-7.076,106.707
382,SIMPENAN,-7.082,106.587,KAB. SUKABUMI,-7.076,106.707
383,SUKABUMI,-6.857,106.957,KAB. SUKABUMI,-7.076,106.707
384,SUKALARANG,-6.884,107.013,KAB. SUKABUMI,-7.076,106.707
385,SUKARAJA,-6.881,106.978,KAB. SUKABUMI,-7.076,106.707
386,SURADE,-7.343,106.562,KAB. SUKABUMI,-7.076,106.707
387,TEGALBULEUD,-7.355,106.744,KAB. SUKABUMI,-7.076,106.707
388,WALURAN,-7.209,106.6,KAB. SUKABUMI,-7.076,106.707
389,WARUNGKIARA,-6.993,106.722,KAB. SUKABUMI,-7.076,106.707
390,BANTARGEBANG,-6.339,106.991,KOTA BEKASI,-6.28,106.976
391,BEKASI BARAT,-6.234,106.963,KOTA BEKASI,-6.28,106.976
392,BEKASI SELATAN,-6.258,106.978,KOTA BEKASI,-6.28,106.976
393,BEKASI TIMUR,-6.242,107.019,KOTA BEKASI,-6.28,106.976
394,BEKASI UTARA,-6.207,107.006,KOTA BEKASI,-6.28,106.976
395,JATIASIH,-6.307,106.952,KOTA BEKASI,-6.28,106.976
396,JATISAMPURNA,-6.365,106.925,KOTA BEKASI,-6.28,106.976
397,MEDANSATRIA,-6.198,106.982,KOTA BEKASI,-6.28,106.976
398,MUSTIKAJAYA,-6.307,107.016,KOTA BEKASI,-6.28,106.976
399,PONDOKGEDE,-6.269,106.93,KOTA BEKASI,-6.28,106.976
400,PONDOKMELATI,-6.31,106.928,KOTA BEKASI,-6.28,106.976
401,RAWALUMBU,-6.281,106.994,KOTA BEKASI,-6.28,106.976
402,BANTARKALONG,-7.579,108.081,KAB. TASIKMALAYA,-7.497,108.141
403,BOJONGASIH,-7.555,108.128,KAB. TASIKMALAYA,-7.497,108.141
404,BOJONGGAMBIR,-7.57,107.963,KAB. TASIKMALAYA,-7.497,108.141
405,CIAWI,-7.168,108.116,KAB. TASIKMALAYA,-7.497,108.141
406,CIBALONG,-7.567,108.19,KAB. TASIKMALAYA,-7.497,108.141
407,CIGALONTANG,-7.307,108.005,KAB. TASIKMALAYA,-7.497,108.141
408,CIKALONG,-7.751,108.215,KAB. TASIKMALAYA,-7.497,108.141
409,CIKATOMAS,-7.618,108.269,KAB. TASIKMALAYA,-7.497,108.141
410,CINEAM,-7.42,108.363,KAB. TASIKMALAYA,-7.497,108.141
411,CIPATUJAH,-7.702,108.027,KAB. TASIKMALAYA,-7.497,108.141
412,CISAYONG,-7.243,108.134,KAB. TASIKMALAYA,-7.497,108.141
413,CULAMEGA,-7.599,108.03,KAB. TASIKMALAYA,-7.497,108.141
414,GUNUNG TANJUNG,-7.427,108.303,KAB. TASIKMALAYA,-7.497,108.141
415,JAMANIS,-7.188,108.163,KAB. TASIKMALAYA,-7.497,108.141
416,JATIWARAS,-7.498,108.225,KAB. TASIKMALAYA,-7.497,108.141
417,KADIPATEN,-7.119,108.116,KAB. TASIKMALAYA,-7.497,108.141
418,KARANG JAYA,-7.449,108.395,KAB. TASIKMALAYA,-7.497,108.141
419,KARANGNUNGGAL,-7.663,108.151,KAB. TASIKMALAYA,-7.497,108.141
420,LEUWISARI,-7.304,108.091,KAB. TASIKMALAYA,-7.497,108.141
421,MANGUNREJA,-7.382,108.083,KAB. TASIKMALAYA,-7.497,108.141
422,MANONJAYA,-7.37,108.32,KAB. TASIKMALAYA,-7.497,108.141
423,PADAKEMBANG,-7.309,108.122,KAB. TASIKMALAYA,-7.497,108.141
424,PAGERAGEUNG,-7.1,108.175,KAB. TASIKMALAYA,-7.497,108.141
425,PANCATENGAH,-7.689,108.303,KAB. TASIKMALAYA,-7.497,108.141
426,PARUNGPONTENG,-7.496,108.14,KAB. TASIKMALAYA,-7.497,108.141
427,PUSPAHIANG,-7.419,108.036,KAB. TASIKMALAYA,-7.497,108.141
428,RAJAPOLAH,-7.217,108.183,KAB. TASIKMALAYA,-7.497,108.141
429,SALAWU,-7.373,107.984,KAB. TASIKMALAYA,-7.497,108.141
430,SALOPA,-7.504,108.288,KAB. TASIKMALAYA,-7.497,108.141
431,SARIWANGI,-7.294,108.057,KAB. TASIKMALAYA,-7.497,108.141
432,SINGAPARNA,-7.349,108.129,KAB. TASIKMALAYA,-7.497,108.141
433,SODONGHILIR,-7.493,108.054,KAB. TASIKMALAYA,-7.497,108.141
434,SUKAHENING,-7.211,108.118,KAB. TASIKMALAYA,-7.497,108.141
435,SUKARAJA,-7.443,108.166,KAB. TASIKMALAYA,-7.497,108.141
436,SUKARAME,-7.374,108.149,KAB. TASIKMALAYA,-7.497,108.141
437,SUKARATU,-7.275,108.124,KAB. TASIKMALAYA,-7.497,108.141
438,SUKARESIK,-7.157,108.183,KAB. TASIKMALAYA,-7.497,108.141
439,TANJUNGJAYA,-7.413,108.125,KAB. TASIKMALAYA,-7.497,108.141
440,TARAJU,-7.444,107.993,KAB. TASIKMALAYA,-7.497,108.141
441,BANYUSARI,-6.303,107.54,KAB. KARAWANG,-6.252,107.354
442,BATUJAYA,-6.051,107.195,KAB. KARAWANG,-6.252,107.354
443,CIAMPEL,-6.43,107.333,KAB. KARAWANG,-6.252,107.354
444,CIBUAYA,-6.016,107.328,KAB. KARAWANG,-6.252,107.354
445,CIKAMPEK,-6.414,107.437,KAB. KARAWANG,-6.252,107.354
446,CILAMAYA KULON,-6.219,107.515,KAB. KARAWANG,-6.252,107.354
447,CILAMAYA WETAN,-6.227,107.578,KAB. KARAWANG,-6.252,107.354
448,CILEBAR,-6.133,107.413,KAB. KARAWANG,-6.252,107.354
449,JATISARI,-6.356,107.522,KAB. KARAWANG,-6.252,107.354
450,JAYAKERTA,-6.105,107.297,KAB. KARAWANG,-6.252,107.354
451,KARAWANG BARAT,-6.273,107.296,KAB. KARAWANG,-6.252,107.354
452,KARAWANG TIMUR,-6.252,107.354,KAB. KARAWANG,-6.252,107.354
453,KLARI,-6.395,107.38,KAB. KARAWANG,-6.252,107.354
454,KOTA BARU,-6.396,107.487,KAB. KARAWANG,-6.252,107.354
455,KUTAWALUYA,-6.174,107.346,KAB. KARAWANG,-6.252,107.354
456,LEMAHABANG,-6.284,107.457,KAB. KARAWANG,-6.252,107.354
457,MAJALAYA,-6.306,107.368,KAB. KARAWANG,-6.252,107.354
458,PAKISJAYA,-6.005,107.126,KAB. KARAWANG,-6.252,107.354
459,PANGKALAN,-6.463,107.228,KAB. KARAWANG,-6.252,107.354
460,PEDES,-6.091,107.372,KAB. KARAWANG,-6.252,107.354
461,PURWASARI,-6.37,107.41,KAB. KARAWANG,-6.252,107.354
462,RAWAMERTA,-6.234,107.352,KAB. KARAWANG,-6.252,107.354
463,RENGASDENGKLOK,-6.176,107.302,KAB. KARAWANG,-6.252,107.354
464,TEGALWARU,-6.522,107.243,KAB. KARAWANG,-6.252,107.354
465,TELAGASARI,-6.271,107.414,KAB. KARAWANG,-6.252,107.354
466,TELUKJAMBE BARAT,-6.357,107.246,KAB. KARAWANG,-6.252,107.354
467,TELUKJAMBE TIMUR,-6.341,107.289,KAB. KARAWANG,-6.252,107.354
468,TEMPURAN,-6.196,107.444,KAB. KARAWANG,-6.252,107.354
469,TIRTAJAYA,-6.029,107.253,KAB. KARAWANG,-6.252,107.354
470,TIRTAMULYA,-6.341,107.462,KAB. KARAWANG,-6.252,107.354
471,BAROS,-6.96,106.932,KOTA SUKABUMI,-6.94,106.924
472,CIBEUREUM,-6.941,106.948,KOTA SUKABUMI,-6.94,106.924
473,CIKOLE,-6.915,106.939,KOTA SUKABUMI,-6.94,106.924
474,CITAMIANG,-6.937,106.931,KOTA SUKABUMI,-6.94,106.924
475,GUNUNGPUYUH,-6.908,106.917,KOTA SUKABUMI,-6.94,106.924
476,LEMBURSITU,-6.965,106.9,KOTA SUKABUMI,-6.94,106.924
477,WARUDOYONG,-6.931,106.913,KOTA SUKABUMI,-6.94,106.924
478,BATUJAJAR,-6.906,107.488,KAB. BANDUNG BARAT,-6.897,107.415
479,CIHAMPELAS,-6.939,107.477,KAB. BANDUNG BARAT,-6.897,107.415
480,CIKALONGWETAN,-6.743,107.446,KAB. BANDUNG BARAT,-6.897,107.415
481,CILILIN,-6.98,107.45,KAB. BANDUNG BARAT,-6.897,107.415
482,CIPATAT,-6.829,107.389,KAB. BANDUNG BARAT,-6.897,107.415
483,CIPEUNDEUY,-6.759,107.352,KAB. BANDUNG BARAT,-6.897,107.415
484,CIPONGKOR,-6.945,107.351,KAB. BANDUNG BARAT,-6.897,107.415
485,CISARUA,-6.801,107.539,KAB. BANDUNG BARAT,-6.897,107.415
486,GUNUNGHALU,-7.043,107.301,KAB. BANDUNG BARAT,-6.897,107.415
487,LEMBANG,-6.809,107.648,KAB. BANDUNG BARAT,-6.897,107.415
488,NGAMPRAH,-6.837,107.511,KAB. BANDUNG BARAT,-6.897,107.415
489,PADALARANG,-6.841,107.475,KAB. BANDUNG BARAT,-6.897,107.415
490,PARONGPONG,-6.8,107.584,KAB. BANDUNG BARAT,-6.897,107.415
491,RONGGA,-6.97,107.256,KAB. BANDUNG BARAT,-6.897,107.415
492,SAGULING,-6.887,107.404,KAB. BANDUNG BARAT,-6.897,107.415
493,SINDANGKERTA,-6.897,107.415,KAB. BANDUNG BARAT,-6.897,107.415
494,BEJI,-6.373,106.819,KOTA DEPOK,-6.396,106.817
495,BOJONGSARI,-6.394,106.738,KOTA DEPOK,-6.396,106.817
496,CILODONG,-6.43,106.838,KOTA DEPOK,-6.396,106.817
497,CIMANGGIS,-6.369,106.87,KOTA DEPOK,-6.396,106.817
498,CINERE,-6.332,106.789,KOTA DEPOK,-6.396,106.817
499,CIPAYUNG,-6.429,106.802,KOTA DEPOK,-6.396,106.817
500,LIMO,-6.369,106.781,KOTA DEPOK,-6.396,106.817
501,PANCORAN MAS,-6.399,106.8,KOTA DEPOK,-6.396,106.817
502,SAWANGAN,-6.405,106.764,KOTA DEPOK,-6.396,106.817
503,SUKMAJAYA,-6.397,106.844,KOTA DEPOK,-6.396,106.817
504,TAPOS,-6.419,106.881,KOTA DEPOK,-6.396,106.817
505,BINONG,-6.4,107.8,KAB. SUBANG,-6.484,107.732
506,BLANAKAN,-6.264,107.665,KAB. SUBANG,-6.484,107.732
507,CIASEM,-6.32,107.661,KAB. SUBANG,-6.484,107.732
508,CIATER,-6.737,107.67,KAB. SUBANG,-6.484,107.732
509,CIBOGO,-6.568,107.838,KAB. SUBANG,-6.484,107.732
510,CIJAMBE,-6.631,107.776,KAB. SUBANG,-6.484,107.732
511,CIKAUM,-6.414,107.737,KAB. SUBANG,-6.484,107.732
512,CIPEUNDEUY,-6.499,107.595,KAB. SUBANG,-6.484,107.732
513,CIPUNAGARA,-6.489,107.864,KAB. SUBANG,-6.484,107.732
514,CISALAK,-6.761,107.747,KAB. SUBANG,-6.484,107.732
515,COMPRENG,-6.387,107.874,KAB. SUBANG,-6.484,107.732
516,DAWUAN,-6.574,107.687,KAB. SUBANG,-6.484,107.732
517,JALANCAGAK,-6.668,107.701,KAB. SUBANG,-6.484,107.732
518,KALIJATI,-6.527,107.65,KAB. SUBANG,-6.484,107.732
519,KASOMALANG,-6.694,107.753,KAB. SUBANG,-6.484,107.732
520,LEGONKULON,-6.232,107.807,KAB. SUBANG,-6.484,107.732
521,PABUARAN,-6.421,107.594,KAB. SUBANG,-6.484,107.732
522,PAGADEN,-6.481,107.8,KAB. SUBANG,-6.484,107.732
523,PAGADEN BARAT,-6.486,107.767,KAB. SUBANG,-6.484,107.732
524,PAMANUKAN,-6.292,107.822,KAB. SUBANG,-6.484,107.732
525,PATOKBEUSI,-6.368,107.616,KAB. SUBANG,-6.484,107.732
526,PURWADADI,-6.443,107.686,KAB. SUBANG,-6.484,107.732
527,PUSAKAJAYA,-6.311,107.892,KAB. SUBANG,-6.484,107.732
528,PUSAKANAGARA,-6.253,107.876,KAB. SUBANG,-6.484,107.732
529,SAGALAHERANG,-6.684,107.646,KAB. SUBANG,-6.484,107.732
530,SERANGPANJANG,-6.647,107.612,KAB. SUBANG,-6.484,107.732
531,SUBANG,-6.574,107.778,KAB. SUBANG,-6.484,107.732
532,SUKASARI,-6.29,107.757,KAB. SUBANG,-6.484,107.732
533,TAMBAKDAHAN,-6.342,107.811,KAB. SUBANG,-6.484,107.732
534,TANJUNGSIANG,-6.743,107.813,KAB. SUBANG,-6.484,107.732
535,BOGOR BARAT,-6.573,106.766,KOTA BOGOR,-6.593,106.8
536,BOGOR SELATAN,-6.645,106.814,KOTA BOGOR,-6.593,106.8
537,BOGOR TENGAH,-6.594,106.798,KOTA BOGOR,-6.593,106.8
538,BOGOR TIMUR,-6.62,106.826,KOTA BOGOR,-6.593,106.8
539,BOGOR UTARA,-6.571,106.819,KOTA BOGOR,-6.593,106.8
540,TANAH SAREAL,-6.546,106.785,KOTA BOGOR,-6.593,106.8
541,BUAHDUA,-6.687,107.945,KAB. SUMEDANG,-6.825,107.981
542,CIBUGEL,-6.967,108.027,KAB. SUMEDANG,-6.825,107.981
543,CIMALAKA,-6.793,107.944,KAB. SUMEDANG,-6.825,107.981
544,CIMANGGUNG,-6.949,107.853,KAB. SUMEDANG,-6.825,107.981
545,CISARUA,-6.832,107.97,KAB. SUMEDANG,-6.825,107.981
546,CISITU,-6.876,108.04,KAB. SUMEDANG,-6.825,107.981
547,CONGGEANG,-6.729,108.021,KAB. SUMEDANG,-6.825,107.981
548,DARMARAJA,-6.912,108.062,KAB. SUMEDANG,-6.825,107.981
549,GANEAS,-6.87,107.968,KAB. SUMEDANG,-6.825,107.981
550,JATIGEDE,-6.87,108.134,KAB. SUMEDANG,-6.825,107.981
551,JATINANGOR,-6.931,107.778,KAB. SUMEDANG,-6.825,107.981
552,JATINUNGGAL,-6.936,108.163,KAB. SUMEDANG,-6.825,107.981
553,PAMULIHAN,-6.894,107.847,KAB. SUMEDANG,-6.825,107.981
554,PASEH,-6.797,108.013,KAB. SUMEDANG,-6.825,107.981
555,RANCAKALONG,-6.823,107.841,KAB. SUMEDANG,-6.825,107.981
556,SITURAJA,-6.857,108.014,KAB. SUMEDANG,-6.825,107.981
557,SUKASARI,-6.864,107.767,KAB. SUMEDANG,-6.825,107.981
558,SUMEDANG SELATAN,-6.902,107.921,KAB. SUMEDANG,-6.825,107.981
559,SUMEDANG UTARA,-6.836,107.908,KAB. SUMEDANG,-6.825,107.981
560,SURIAN,-6.643,107.875,KAB. SUMEDANG,-6.825,107.981
561,TANJUNGKERTA,-6.762,107.902,KAB. SUMEDANG,-6.825,107.981
562,TANJUNGMEDAR,-6.736,107.862,KAB. SUMEDANG,-6.825,107.981
563,TANJUNGSARI,-6.868,107.797,KAB. SUMEDANG,-6.825,107.981
564,TOMO,-6.788,108.117,KAB. SUMEDANG,-6.825,107.981
565,UJUNGJAYA,-6.709,108.093,KAB. SUMEDANG,-6.825,107.981
566,WADO,-6.984,108.117,KAB. SUMEDANG,-6.825,107.981
567,BUNGURSARI,-7.308,108.178,KOTA TASIKMALAYA,-7.36,108.219
568,CIBEUREUM,-7.355,108.259,KOTA TASIKMALAYA,-7.36,108.219
569,CIHIDEUNG,-7.336,108.213,KOTA TASIKMALAYA,-7.36,108.219
570,CIPEDES,-7.314,108.223,KOTA TASIKMALAYA,-7.36,108.219
571,INDIHIANG,-7.291,108.198,KOTA TASIKMALAYA,-7.36,108.219
572,KAWALU,-7.402,108.202,KOTA TASIKMALAYA,-7.36,108.219
573,MANGKUBUMI,-7.346,108.185,KOTA TASIKMALAYA,-7.36,108.219
574,PURBARATU,-7.333,108.266,KOTA TASIKMALAYA,-7.36,108.219
575,TAMANSARI,-7.397,108.249,KOTA TASIKMALAYA,-7.36,108.219
576,TAWANG,-7.339,108.228,KOTA TASIKMALAYA,-7.36,108.219
577,CIAWIGEBANG,-6.947,108.6,KAB. KUNINGAN,-7.004,108.56
578,CIBEUREUM,-7.079,108.715,KAB. KUNINGAN,-7.004,108.56
579,CIBINGBIN,-7.055,108.757,KAB. KUNINGAN,-7.004,108.56
580,CIDAHU,-6.964,108.661,KAB. KUNINGAN,-7.004,108.56
581,CIGANDAMEKAR,-6.887,108.531,KAB. KUNINGAN,-7.004,108.56
582,CIGUGUR,-6.954,108.441,KAB. KUNINGAN,-7.004,108.56
583,CILEBAK,-7.14,108.578,KAB. KUNINGAN,-7.004,108.56
584,CILIMUS,-6.876,108.473,KAB. KUNINGAN,-7.004,108.56
585,CIMAHI,-6.999,108.703,KAB. KUNINGAN,-7.004,108.56
586,CINIRU,-7.057,108.506,KAB. KUNINGAN,-7.004,108.56
587,CIPICUNG,-6.942,108.552,KAB. KUNINGAN,-7.004,108.56
588,CIWARU,-7.087,108.632,KAB. KUNINGAN,-7.004,108.56
589,DARMA,-7.01,108.403,KAB. KUNINGAN,-7.004,108.56
590,GARAWANGI,-7.013,108.527,KAB. KUNINGAN,-7.004,108.56
591,HANTARA,-7.064,108.454,KAB. KUNINGAN,-7.004,108.56
592,JALAKSANA,-6.916,108.459,KAB. KUNINGAN,-7.004,108.56
593,JAPARA,-6.912,108.544,KAB. KUNINGAN,-7.004,108.56
594,KADUGEDE,-7.008,108.452,KAB. KUNINGAN,-7.004,108.56
595,KALIMANGGIS,-6.953,108.627,KAB. KUNINGAN,-7.004,108.56
596,KARANG KANCANA,-7.101,108.673,KAB. KUNINGAN,-7.004,108.56
597,KRAMATMULYA,-6.941,108.492,KAB. KUNINGAN,-7.004,108.56
598,KUNINGAN,-6.98,108.492,KAB. KUNINGAN,-7.004,108.56
599,LEBAKWANGI,-7.01,108.586,KAB. KUNINGAN,-7.004,108.56
600,LURAGUNG,-7.018,108.637,KAB. KUNINGAN,-7.004,108.56
601,MALEBER,-7.056,108.572,KAB. KUNINGAN,-7.004,108.56
602,MANDIRANCAN,-6.845,108.455,KAB. KUNINGAN,-7.004,108.56
603,NUSAHERANG,-7.015,108.432,KAB. KUNINGAN,-7.004,108.56
604,PANCALANG,-6.817,108.495,KAB. KUNINGAN,-7.004,108.56
605,PASAWAHAN,-6.825,108.427,KAB. KUNINGAN,-7.004,108.56
606,SELAJAMBE,-7.104,108.468,KAB. KUNINGAN,-7.004,108.56
607,SINDANG AGUNG,-6.971,108.531,KAB. KUNINGAN,-7.004,108.56
608,SUBANG,-7.129,108.539,KAB. KUNINGAN,-7.004,108.56
609,CIGUGUR,-7.624,108.402,KAB. PANGANDARAN,-7.636,108.519
610,CIJULANG,-7.716,108.443,KAB. PANGANDARAN,-7.636,108.519
611,CIMERAK,-7.762,108.391,KAB. PANGANDARAN,-7.636,108.519
612,KALIPUCANG,-7.639,108.718,KAB. PANGANDARAN,-7.636,108.519
613,LANGKAPLANCAR,-7.552,108.437,KAB. PANGANDARAN,-7.636,108.519
614,MANGUNJAYA,-7.485,108.689,KAB. PANGANDARAN,-7.636,108.519
615,PADAHERANG,-7.551,108.694,KAB. PANGANDARAN,-7.636,108.519
616,PANGANDARAN,-7.648,108.651,KAB. PANGANDARAN,-7.636,108.519
617,PARIGI,-7.648,108.518,KAB. PANGANDARAN,-7.636,108.519
618,SIDAMULIH,-7.62,108.589,KAB. PANGANDARAN,-7.636,108.519
619,CIMAHI SELATAN,-6.908,107.54,KOTA CIMAHI,-6.886,107.544
620,CIMAHI TENGAH,-6.884,107.54,KOTA CIMAHI,-6.886,107.544
621,CIMAHI UTARA,-6.863,107.551,KOTA CIMAHI,-6.886,107.544
622,HARJAMUKTI,-6.761,108.548,KOTA CIREBON,-6.742,108.554
623,KEJAKSAN,-6.704,108.556,KOTA CIREBON,-6.742,108.554
624,KESAMBI,-6.733,108.542,KOTA CIREBON,-6.742,108.554
625,LEMAH WUNGKUK,-6.732,108.576,KOTA CIREBON,-6.742,108.554
626,PEKALIPAN,-6.723,108.564,KOTA CIREBON,-6.742,108.554
